name,relative_score,percentage
Random_Acts_Of_Amazon,22.14997901,1
india,18.84563497,1
BabyBumps,14.18267374,1
CoDCompetitive,7.521779355,1
Cricket,12.38288964,0.984126984
pokemontrades,13.17523667,0.981481481
syriancivilwar,17.06016321,0.980392157
ffxiv,10.12207346,0.972972973
electronic_cigarette,21.85798391,0.971962617
DestinyTheGame,13.9378631,0.968390805
Guildwars2,11.25443404,0.966386555
GlobalOffensiveTrade,12.76579471,0.961038961
dogecoin,20.02156715,0.955882353
Homebrewing,13.66690664,0.951807229
Smite,16.35344823,0.946666667
Eve,12.76649276,0.941747573
pathofexile,8.824180718,0.935483871
hardwareswap,10.29853757,0.935064935
teenagers,16.77804276,0.931707317
EliteDangerous,9.687811414,0.9296875
FIFA,13.2905855,0.925531915
GlobalOffensive,11.37576993,0.922305764
csgobetting,8.601447502,0.92
starcraft,10.29405071,0.914893617
nba,15.78267497,0.914516129
h1z1,5.207098648,0.912621359
newzealand,15.21532139,0.90625
CollegeBasketball,11.68442339,0.88976378
2007scape,13.63508701,0.888888889
fatpeoplehate,19.79128104,0.885964912
AskReddit,13.76604263,0.884497207
Warthunder,9.486791859,0.882352941
whowouldwin,16.76298606,0.881578947
vegan,14.09171242,0.881355932
Watches,13.13049919,0.881355932
starcitizen,5.986433207,0.875
WorldofTanks,10.61563229,0.872727273
boardgames,16.36748483,0.868421053
heroesofthestorm,6.529074329,0.867768595
jailbreak,18.14739451,0.865979381
vinyl,17.21932843,0.865671642
runescape,8.803291475,0.859375
OkCupid,18.79500573,0.857142857
DarkSouls2,14.36031768,0.857142857
headphones,10.77407268,0.857142857
Bitcoin,16.6888104,0.854771784
Planetside,17.48635692,0.853333333
wow,10.08233469,0.850543478
formula1,9.218215333,0.85046729
Portland,9.215970528,0.849315068
metalgearsolid,13.97892412,0.846153846
spacex,19.00532619,0.838709677
ClashOfClans,10.84311376,0.8375
chicagobulls,6.801072694,0.833333333
anime,14.75849313,0.830049261
Atlanta,12.61228752,0.827586207
asktransgender,10.62773196,0.826923077
halo,7.731224406,0.822916667
paydaytheheist,9.283025264,0.820895522
australia,13.57729418,0.82010582
Christianity,15.04800772,0.818181818
CodAW,10.78754421,0.817307692
MonsterHunter,10.09510741,0.813333333
pcmasterrace,13.88180558,0.811120918
DarkNetMarkets,13.69675233,0.810344828
Buttcoin,13.1002021,0.8
motorcycles,8.969472447,0.796610169
MMA,6.566855977,0.795555556
sweden,4.385944234,0.793103448
skyrimmods,7.009526144,0.79245283
islam,10.96282761,0.791304348
Rateme,13.56168657,0.79047619
dragonage,13.21332284,0.79020979
DotA2,3.680688178,0.786231884
MechanicAdvice,5.984254391,0.785714286
dayz,10.9970872,0.784172662
ireland,10.85487668,0.779220779
guns,11.74282325,0.778280543
SquaredCircle,4.712974621,0.777385159
CasualConversation,11.4706797,0.771523179
GamerGhazi,4.987353801,0.770491803
smashbros,14.99375091,0.768953069
raisedbynarcissists,19.87635594,0.762589928
oculus,17.71303622,0.761904762
TheRedPill,18.89279146,0.761538462
Austin,10.59019649,0.76
hearthstone,13.25531403,0.754152824
hiphopheads,15.59793278,0.750778816
Anarcho_Capitalism,11.01835071,0.75
gamegrumps,8.155333801,0.746153846
toronto,9.748345204,0.743119266
OnePiece,10.96586485,0.741935484
xboxone,7.256678002,0.737541528
leagueoflegends,5.420629199,0.736925515
amiibo,3.216087387,0.736842105
sysadmin,8.157729948,0.736196319
bodybuilding,11.96099061,0.734848485
MLS,6.745475068,0.732394366
trees,14.64979326,0.721385542
woodworking,13.32575752,0.71875
relationships,18.38574501,0.713523132
femalefashionadvice,13.12402238,0.710526316
marvelstudios,8.666243968,0.71
MechanicalKeyboards,12.62009684,0.708661417
TrollXChromosomes,12.96297937,0.705747126
Seattle,13.46986952,0.703703704
Drugs,12.09787152,0.703488372
windowsphone,9.78444134,0.702479339
buildapc,10.83621177,0.698453608
france,3.234942634,0.698113208
PS4,6.357878226,0.694871795
ukpolitics,9.670380114,0.694117647
unitedkingdom,5.527522653,0.693333333
lego,10.80929719,0.680851064
xxfitness,11.33221134,0.680555556
childfree,13.38882505,0.680203046
mindcrack,11.5036585,0.679245283
AskMen,10.50283845,0.676579926
photography,10.97486571,0.675
vaporents,6.377505648,0.672727273
totalwar,6.049757425,0.672131148
keto,7.385612109,0.671232877
serialpodcast,6.638434331,0.671052632
legaladvice,12.03910422,0.668965517
europe,7.248875135,0.666666667
eu4,6.745780224,0.666666667
boston,5.293754304,0.666666667
asoiaf,13.35044397,0.665289256
darksouls,13.04131705,0.663043478
mylittlepony,13.98346148,0.660714286
tf2,18.04372598,0.659459459
AskWomen,12.99625509,0.65942029
assassinscreed,8.047897261,0.657534247
conspiracy,11.78172619,0.652173913
hockey,4.876661761,0.651757188
DebateReligion,3.603246897,0.65060241
ar15,7.418809233,0.64516129
MakeupAddiction,7.484662771,0.644549763
houston,9.984648566,0.644444444
bindingofisaac,10.03005919,0.641509434
battlefield_4,6.48036032,0.637037037
Anarchism,11.10237186,0.636363636
vancouver,8.238944995,0.636363636
nfl,3.572368965,0.630560928
Fireteams,1.283608178,0.629370629
DCcomics,8.952669502,0.628865979
comicbooks,8.056077622,0.627659574
reddevils,2.87260949,0.625
techsupport,7.177737617,0.620689655
UkrainianConflict,11.69884608,0.615384615
BitcoinMarkets,7.094070738,0.615384615
SubredditDrama,8.52906765,0.613953488
canada,6.068738979,0.612698413
CFB,3.546705761,0.611627907
chicago,5.381365998,0.611111111
cscareerquestions,6.80652383,0.607843137
Aquariums,3.711930347,0.607142857
soccer,5.109427124,0.606911447
Sneakers,3.92041379,0.603448276
audiophile,8.373780678,0.6
Guitar,8.623738987,0.595890411
magicTCG,5.773333165,0.594871795
vita,11.87190725,0.589473684
civ,14.34061552,0.587096774
TheBluePill,15.26051052,0.585714286
KotakuInAction,5.894260602,0.580952381
wicked_edge,13.39770032,0.578947368
LosAngeles,5.910559471,0.576470588
roosterteeth,7.176653473,0.57615894
gonewild,12.47673375,0.565
ForeverAlone,14.57253841,0.555555556
pokemon,12.65350037,0.554545455
bicycling,4.813393778,0.553956835
japan,7.484337773,0.547169811
subaru,5.531696165,0.546875
worldbuilding,9.775812349,0.545454545
Psychonaut,5.852206047,0.540983607
RandomActsOfGaming,1.914625949,0.539473684
washingtondc,4.468044137,0.537037037
cars,4.259843889,0.533834586
ADHD,8.675989767,0.528301887
nyc,3.807343502,0.525862069
cowboys,3.032237968,0.52
fatlogic,15.47497805,0.517699115
london,8.08827931,0.517241379
MensRights,12.36088363,0.516853933
amiugly,1.970718042,0.514018692
CrusaderKings,10.03070195,0.513513514
gallifrey,7.901244757,0.512820513
worldnews,4.341198957,0.509609013
Naruto,8.163473595,0.507936508
NoFap,8.078772923,0.506024096
3DS,2.809577748,0.504672897
loseit,8.580461709,0.502857143
Diablo,3.540968615,0.5
socialism,3.082265681,0.493506494
ProtectAndServe,10.78655105,0.492753623
Gunners,2.73530968,0.490566038
politics,4.570948517,0.490162532
SkincareAddiction,4.446373476,0.488549618
gamedev,8.336943065,0.479452055
TumblrInAction,8.482526064,0.476608187
Libertarian,7.176010438,0.475903614
Patriots,5.029452529,0.466666667
dbz,8.627953783,0.464285714
Parenting,8.248830212,0.464052288
changemyview,5.505962516,0.462450593
britishproblems,7.341911585,0.458598726
Conservative,9.761237197,0.455696203
running,12.57401469,0.454545455
CCW,1.453107681,0.453333333
jobs,7.829694698,0.443037975
AmericanHorrorStory,8.377499233,0.4375
GrandTheftAutoV,6.029403524,0.436781609
malefashionadvice,6.858958231,0.436440678
gainit,3.588149197,0.436363636
WeAreTheMusicMakers,8.595226786,0.435897436
apple,4.985995221,0.428571429
manga,3.743963479,0.428571429
Seahawks,3.642074329,0.428571429
Fitness,7.44602705,0.427701674
EDC,7.876653392,0.427083333
Justrolledintotheshop,5.270598732,0.426086957
webdev,2.530173099,0.425
CringeAnarchy,3.856577965,0.424242424
EnoughLibertarianSpam,7.255464615,0.423076923
PoliticalDiscussion,3.850656516,0.423076923
casualiama,8.348524981,0.422330097
HomeImprovement,0.127506593,0.419354839
baseball,5.364323333,0.419047619
forwardsfromgrandma,7.579737782,0.411764706
skyrim,7.339450801,0.410909091
DnD,6.329156247,0.409448819
personalfinance,4.925818613,0.406844106
Advice,4.724536012,0.405063291
KerbalSpaceProgram,5.602222615,0.401129944
drunk,10.30311266,0.4
atheism,5.284686725,0.398383372
CHIBears,2.932214393,0.396226415
lewronggeneration,6.395529357,0.395833333
learnprogramming,6.478157905,0.394230769
GreenBayPackers,2.49733945,0.394230769
Games,1.279561189,0.393822394
Marvel,3.950308968,0.392857143
TheLastAirbender,3.801962035,0.392473118
Animesuggest,5.253871321,0.390625
Fantasy,3.746386186,0.388888889
wiiu,3.285636365,0.387640449
programming,3.208243986,0.385245902
masseffect,5.2753186,0.382022472
Economics,7.877473242,0.38125
pcgaming,2.257306238,0.380782918
travel,5.901984676,0.380165289
Coffee,9.916537098,0.379746835
news,1.196472418,0.376732465
gaybros,14.03420534,0.375
beer,3.420376047,0.373015873
movies,4.789823239,0.370693615
AskScienceFiction,7.819605558,0.37037037
Military,8.84694926,0.360824742
sex,7.268246001,0.3598234
linux,6.809642274,0.359477124
financialindependence,4.276998426,0.358490566
oneplus,-1.676562457,0.358490566
polandball,4.827541715,0.356481481
starbound,3.057182078,0.355932203
Entrepreneur,1.042790725,0.355140187
investing,1.871698338,0.353982301
TwoXChromosomes,3.973868593,0.350909091
FinalFantasy,1.911407889,0.35
aviation,0.396734065,0.345679012
horror,5.149679141,0.342857143
philosophy,0.441898438,0.342105263
StarWars,4.180619402,0.337552743
rpg,0.352980518,0.336734694
harrypotter,4.925731078,0.333333333
texas,3.232458868,0.333333333
Metal,8.266002111,0.329113924
math,5.612397336,0.328358209
bodyweightfitness,13.80703798,0.326923077
speedrun,4.613075014,0.325
paradoxplaza,1.101202476,0.324324324
summonerschool,-3.488369738,0.32183908
MMORPG,-1.656020172,0.321428571
SuicideWatch,-1.627742188,0.32
dogs,2.473013681,0.318681319
web_design,4.066919288,0.315789474
creepyPMs,8.910300712,0.313559322
Roadcam,1.302620538,0.31147541
TheSimpsons,10.30864801,0.308641975
AdviceAnimals,-1.643680652,0.308360478
Android,1.694926091,0.305263158
Tinder,3.561070634,0.303405573
Firearms,1.863256538,0.303370787
GirlGamers,0.248349099,0.295081967
circlejerk,4.051435737,0.29468599
BasicIncome,6.077044061,0.294117647
relationship_advice,5.661942981,0.289855072
ShouldIbuythisgame,7.134660882,0.285714286
engineering,3.445632772,0.285714286
TalesFromRetail,10.50050665,0.284313725
tall,6.951243446,0.283783784
Anxiety,3.806197425,0.28125
ainbow,3.110903491,0.280701754
dyinglight,2.37666217,0.274193548
lotr,4.828437181,0.271604938
Fallout,5.466964517,0.271523179
agentcarter,2.680764216,0.267857143
AndroidQuestions,-4.837932524,0.267857143
AskHistorians,10.06578428,0.267080745
4chan,6.453582518,0.266784452
badhistory,8.867161106,0.266666667
beards,8.285113649,0.265306122
tolkienfans,10.54292658,0.264150943
funny,-3.568235131,0.263849968
secretsanta,4.024037585,0.2625
Borderlands,10.58645318,0.259259259
writing,4.930527381,0.25862069
AskCulinary,4.103160562,0.257575758
progun,-1.162892509,0.254901961
ShitRedditSays,6.43232922,0.254545455
UnresolvedMysteries,9.606801545,0.245901639
IASIP,4.569443398,0.244680851
nintendo,-4.002550804,0.235632184
frugalmalefashion,7.550849264,0.235294118
FlashTV,1.048925501,0.234693878
vexillology,2.117723047,0.234375
justneckbeardthings,6.201184299,0.229591837
talesfromtechsupport,12.28867627,0.226600985
gardening,2.688148558,0.222222222
trashy,3.557263793,0.220689655
hardware,0.927823397,0.21875
detroitlions,1.030727292,0.215686275
skeptic,2.906464876,0.214953271
battlestations,6.889022273,0.214814815
videos,-1.771371341,0.213358071
AMA,8.0910148,0.212765957
adventuretime,8.149550425,0.2125
GameDeals,2.445324639,0.211538462
Futurology,0.414951383,0.211363636
tipofmytongue,0.496054237,0.208092486
WTF,-0.383454957,0.205383481
startrek,5.102271811,0.205128205
zelda,2.202922464,0.204081633
gonewildcurvy,2.381064163,0.2
fatpeoplestories,7.820149258,0.198019802
AndroidGaming,4.229080794,0.196721311
worldpolitics,4.192055737,0.194285714
niceguys,8.357290444,0.193548387
DunderMifflin,9.764919784,0.191176471
electronicmusic,-1.613170384,0.189655172
Bad_Cop_No_Donut,2.342189039,0.18699187
cordcutters,2.812129497,0.184782609
me_irl,-1.167520439,0.184615385
Minecraft,3.054583045,0.183745583
depression,0.089098461,0.181818182
Cooking,-0.426078469,0.180672269
LadyBoners,-0.38491891,0.180555556
MilitaryPorn,-0.524853134,0.18018018
BlackPeopleTwitter,2.356974152,0.176576577
TrueAtheism,4.735182576,0.176470588
buildapcsales,2.777731851,0.176470588
ProgrammerHumor,-0.476759035,0.175925926
TrueReddit,1.59624891,0.174887892
windows,-3.887305699,0.171875
punchablefaces,-2.68772255,0.169398907
iphone,3.651488513,0.169230769
conspiratard,5.676800297,0.166666667
community,4.027736636,0.166666667
TrollYChromosome,3.270711653,0.166666667
cats,1.816368004,0.165898618
arrow,-0.994357752,0.165137615
seduction,-3.117876539,0.164556962
tifu,2.542572313,0.162818955
environment,3.163616097,0.161764706
patientgamers,-1.227468821,0.160493827
fantasyfootball,4.314375847,0.160377358
TrueFilm,5.266517994,0.16
nosleep,2.586842573,0.159235669
Frugal,3.714472565,0.156441718
im14andthisisdeep,6.503491484,0.155844156
offmychest,-0.118915283,0.153846154
NoStupidQuestions,-0.995741222,0.151960784
PandR,3.719151254,0.151898734
whatisthisthing,5.57983287,0.150537634
batman,1.492473885,0.150537634
FancyFollicles,3.832942288,0.15
progresspics,3.774611806,0.15
JusticePorn,-3.444838975,0.149277689
doctorwho,7.908593046,0.148148148
thewalkingdead,2.052942553,0.141732283
Nexus5,0.468102524,0.140625
tattoos,3.652620058,0.139130435
thatHappened,5.40718177,0.137254902
shield,4.055779541,0.13559322
gaming,-0.154235056,0.135053111
daddit,1.381944201,0.134615385
todayilearned,-4.195241598,0.134076828
Chromecast,4.8275612,0.132075472
MapPorn,-0.741912143,0.130597015
StreetFights,2.129882863,0.12962963
cringe,0.025722089,0.129584352
minimalism,4.65944835,0.127272727
DIY,0.572140743,0.127272727
Gaming4Gamers,2.729329047,0.125
pics,-4.527932369,0.122906243
Steam,3.984384351,0.12267658
notinteresting,6.220366497,0.121621622
circlebroke,-6.604712166,0.120689655
shittyfoodporn,2.889102839,0.120567376
CombatFootage,3.65673769,0.11827957
self,2.099698597,0.116438356
Cynicalbrit,1.546080308,0.115044248
GTAV,-0.969110688,0.114285714
pettyrevenge,1.260925111,0.113821138
somethingimade,8.419251144,0.113207547
technology,-1.973362436,0.111491108
EatCheapAndHealthy,1.27838452,0.109090909
HighQualityGifs,1.453155913,0.107142857
confession,2.333182078,0.106870229
rage,-2.224230294,0.106666667
WritingPrompts,1.046017258,0.104895105
Celebs,-1.952831891,0.103448276
explainlikeimfive,-0.860952947,0.101519757
watchpeopledie,0.932370964,0.1
ArcherFX,1.703223696,0.099009901
popping,-0.994867901,0.097222222
PublicFreakout,-0.259692199,0.097014925
slowcooking,1.064937118,0.096774194
rickandmorty,-2.384709121,0.096153846
JonTron,-2.490398078,0.095238095
books,-0.099292691,0.094632768
shittyaskscience,2.158211542,0.088888889
gameofthrones,4.442792512,0.087628866
Cyberpunk,0.878035752,0.086956522
Autos,-0.815409978,0.086956522
NSFW_GIF,0.17427386,0.084210526
pussypassdenied,0.194804082,0.083969466
BuyItForLife,-0.316699025,0.081632653
theydidthemath,1.065869063,0.075949367
asmr,-2.30442867,0.075471698
truegaming,3.185111518,0.075342466
QuotesPorn,-0.175132071,0.074626866
food,-1.752999699,0.074303406
socialskills,6.457486027,0.074074074
Shitty_Car_Mods,-1.653567232,0.072992701
photoshopbattles,2.659829511,0.072327044
ImGoingToHellForThis,0.514974962,0.071611253
cringepics,1.509337829,0.071174377
TopGear,-4.287057631,0.070175439
DoesAnybodyElse,1.131904786,0.068493151
carporn,-1.323527571,0.06741573
iamverysmart,0.691184978,0.065656566
space,-1.393411166,0.065375303
nostalgia,-0.783285165,0.065217391
scifi,-5.514874212,0.064102564
EarthPorn,-4.442041121,0.062745098
askscience,2.090505923,0.062686567
PS3,2.739742653,0.0625
ArtisanVideos,0.445638741,0.0625
standupshots,2.502812258,0.061946903
Documentaries,-0.649583447,0.061776062
aww,-3.601799155,0.060292326
breakingbad,-3.284303486,0.059701493
gifs,-4.239802904,0.059344553
lgbt,-0.24763454,0.058823529
DeepIntoYouTube,-5.492276379,0.058823529
television,-1.591755159,0.058171745
EverythingScience,3.17341612,0.057692308
GetMotivated,-3.249390142,0.057692308
RoomPorn,-0.222008286,0.055555556
techsupportgore,0.182171831,0.0546875
Showerthoughts,-0.66977443,0.054398925
dadjokes,-0.597980452,0.054347826
Music,-1.560399472,0.054271357
itookapicture,1.746194054,0.053571429
Foodforthought,-0.828002201,0.051948052
FoodPorn,-1.250659664,0.051851852
OSHA,-2.043288413,0.050847458
sports,-2.749043715,0.050847458
tumblr,1.652651849,0.049019608
business,-2.61725033,0.049019608
behindthegifs,-0.205607589,0.048387097
freebies,5.778491026,0.047619048
montageparodies,1.091635036,0.047619048
reactiongifs,-3.848007491,0.04743833
nottheonion,-3.930210078,0.047227926
creepy,-3.164733438,0.046801872
millionairemakers,-0.644123281,0.046092184
AbandonedPorn,-0.192985049,0.045454545
FiftyFifty,-1.808926504,0.044444444
entertainment,-3.931434704,0.044117647
MorbidReality,-0.878992451,0.04375
fffffffuuuuuuuuuuuu,0.00236678,0.043010753
WatchItForThePlot,-3.402758561,0.042857143
comics,0.088091723,0.042328042
listentothis,-0.259824071,0.042105263
nsfw,-0.559271627,0.041958042
Art,1.378424764,0.041450777
RealGirls,-1.699991741,0.040935673
facepalm,-1.970649773,0.040498442
youtubehaiku,-2.042106595,0.04
science,-3.263533209,0.037988827
recipes,-6.708599916,0.037037037
mildlyinteresting,-3.440584341,0.035205993
Jokes,0.293333939,0.035117057
MURICA,-0.778204514,0.034482759
OldSchoolCool,-4.684605617,0.033519553
androidapps,0.397054363,0.033333333
tech,-3.98137494,0.033333333
history,-1.693575453,0.033175355
futurama,6.282010681,0.032786885
dataisbeautiful,-1.829837317,0.032338308
oldpeoplefacebook,0.862438986,0.032258065
HistoryPorn,-0.881659938,0.032
gamernews,4.304957901,0.03125
blunderyears,1.254957363,0.030612245
quityourbullshit,-1.090520629,0.03
UnexpectedThugLife,-4.657823968,0.029268293
offbeat,-3.872825954,0.029239766
fullmoviesonyoutube,-2.606385312,0.028571429
OutOfTheLoop,-4.269718292,0.027210884
firstworldanarchists,-6.39717528,0.027027027
interestingasfuck,-3.683051844,0.026476578
southpark,1.054523568,0.026315789
IAmA,-1.922945818,0.024230187
YouShouldKnow,-1.498673309,0.023076923
LifeProTips,-2.182258647,0.022580645
youdontsurf,0.240240565,0.02247191
everymanshouldknow,0.560463472,0.02173913
lifehacks,-5.637608697,0.02173913
delusionalartists,-2.147597013,0.021276596
FloridaMan,-4.135179548,0.020833333
gentlemanboners,-2.773046544,0.02027027
FanTheories,-0.286482049,0.02020202
gadgets,-3.965853416,0.01980198
instant_regret,-4.938605025,0.019607843
bestof,-3.168103856,0.019538188
woahdude,-5.092652807,0.019438445
NetflixBestOf,-3.933370272,0.01910828
answers,0.470568482,0.017857143
ContagiousLaughter,-3.986623223,0.017857143
holdmybeer,-2.435759465,0.017699115
Whatcouldgowrong,-0.473982627,0.015625
CrappyDesign,-3.421782626,0.015228426
netflix,-4.036201517,0.014492754
CrazyIdeas,-0.519550158,0.014084507
blog,-1.670501636,0.012987013
geek,-0.657348864,0.011627907
shittyreactiongifs,-3.838891964,0.011235955
wheredidthesodago,-3.121007797,0.010526316
UpliftingNews,-3.965325355,0.010526316
mildlyinfuriating,-1.731410997,0.009836066
nonononoyes,-0.963319563,0.00952381
oddlysatisfying,-2.923000767,0.007352941
Unexpected,-5.494182845,0.006644518
InternetIsBeautiful,-5.914534626,0.003174603
firstworldproblems,0.806203474,0
PerfectTiming,-0.054042035,0
AnimalsBeingJerks,-0.711247767,0
ANormalDayInRussia,-1.445672201,0
GamePhysics,-1.517158644,0
promos,-3.210005177,0
wallpapers,-4.614503248,0
LearnUselessTalents,-5.012547966,0
humor,-5.064708773,0
BustyPetite,-7.24924453,0
Damnthatsinteresting,-7.476416307,0
AnimalsBeingBros,-8.222023641,0