name,relative_score,percentage,avg_elite_ups,avg_elite_comment_count,avg_common_ups,avg_common_comment_count
Random_Acts_Of_Amazon,22.14997901,1,1032,642,174,106
electronic_cigarette,21.85798391,0.981308411,574,299,66,34
dogecoin,20.02156715,0.942857143,361,230,39,24
raisedbynarcissists,19.87635594,0.857142857,990,151,93,14
fatpeoplehate,19.79128104,0.947674419,1341,175,130,18
spacex,19.00532619,0.903225806,847,164,78,16
TheRedPill,18.89279146,0.815384615,692,119,79,13
india,18.84563497,1,1403,521,189,66
OkCupid,18.79500573,0.925373134,749,248,63,20
relationships,18.38574501,0.807829181,1969,158,169,15
jailbreak,18.14739451,0.836734694,476,187,44,18
tf2,18.04372598,0.806451613,905,166,103,17
oculus,17.71303622,0.880952381,314,91,38,11
Planetside,17.48635692,1,622,261,62,24
vinyl,17.21932843,0.941176471,365,143,36,14
syriancivilwar,17.06016321,0.961538462,776,279,95,32
teenagers,16.77804276,0.980582524,766,252,84,26
whowouldwin,16.76298606,0.956140351,1464,299,139,27
Bitcoin,16.6888104,0.900826446,542,200,67,24
boardgames,16.36748483,0.931034483,363,139,39,15
Smite,16.35344823,0.947368421,460,250,67,33
nba,15.78267497,0.961414791,2555,325,336,42
hiphopheads,15.59793278,0.838509317,1552,152,172,15
fatlogic,15.47497805,0.666666667,830,94,84,10
TheBluePill,15.26051052,0.685714286,1036,111,108,12
newzealand,15.21532139,0.9375,960,228,105,27
Christianity,15.04800772,0.948717949,659,217,66,22
smashbros,14.99375091,0.848920863,1363,163,156,19
anime,14.75849313,0.911330049,1512,231,154,24
trees,14.64979326,0.789156627,427,86,53,9
ForeverAlone,14.57253841,0.666666667,283,78,34,9
DarkSouls2,14.36031768,0.857142857,505,192,50,19
civ,14.34061552,0.717948718,616,99,66,10
BabyBumps,14.18267374,0.96875,679,226,105,35
vegan,14.09171242,0.966666667,630,178,74,22
gaybros,14.03420534,0.444444444,284,66,49,10
mylittlepony,13.98346148,0.678571429,1087,191,85,16
metalgearsolid,13.97892412,0.909090909,819,210,72,19
DestinyTheGame,13.9378631,0.994252874,769,290,124,42
pcmasterrace,13.88180558,0.883597884,656,154,76,16
bodyweightfitness,13.80703798,0.461538462,256,83,22,7
AskReddit,13.76604263,0.934078212,2235,185,268,22
DarkNetMarkets,13.69675232,0.931034483,401,169,43,18
Homebrewing,13.66690664,1,323,160,36,17
2007scape,13.63508701,0.857142857,601,241,76,31
australia,13.57729418,0.936842105,807,181,102,22
Rateme,13.56168657,0.924528302,205,146,21,14
Seattle,13.46986952,0.8,329,104,45,12
wicked_edge,13.39770032,0.724137931,229,105,21,9
childfree,13.38882505,0.737373737,917,127,97,14
asoiaf,13.35044397,0.73553719,868,110,104,12
woodworking,13.32575752,0.875,196,82,23,8
FIFA,13.2905855,0.936170213,659,258,91,35
hearthstone,13.25531403,0.82781457,734,126,99,15
dragonage,13.21332284,0.875,821,178,84,18
pokemontrades,13.17523667,0.962962963,543,504,75,71
Watches,13.13049919,0.9,361,124,39,14
femalefashionadvice,13.12402238,0.769230769,332,60,43,8
Buttcoin,13.1002021,0.884615385,902,213,104,26
darksouls,13.04131705,0.826086957,315,115,38,12
AskWomen,12.99625509,0.797101449,940,173,94,17
TrollXChromosomes,12.96297937,0.821100917,890,97,109,11
Eve,12.76649276,0.961538462,609,176,95,27
GlobalOffensiveTrade,12.76579471,1,438,356,55,44
pokemon,12.65350037,0.75,579,102,70,10
MechanicalKeyboards,12.62009684,0.859375,265,121,27,12
Atlanta,12.61228752,0.9,276,97,39,14
running,12.57401469,0.7,320,87,31,8
gonewild,12.47673375,0.8,154,110,13,8
Cricket,12.38288964,0.96875,1550,468,208,64
MensRights,12.36088363,0.629213483,390,93,47,10
talesfromtechsupport,12.28867627,0.421568627,494,41,54,5
Drugs,12.09787152,0.770114943,416,104,47,11
legaladvice,12.03910422,0.767123288,889,187,71,16
bodybuilding,11.96099061,0.803030303,732,141,98,18
vita,11.87190725,0.666666667,155,76,21,10
conspiracy,11.78172619,0.773333333,314,141,32,12
guns,11.74282325,0.882882883,735,179,66,17
UkrainianConflict,11.69884608,0.666666667,517,145,64,16
CollegeBasketball,11.68442339,0.921875,949,216,120,27
mindcrack,11.5036585,0.888888889,473,69,58,9
CasualConversation,11.4706797,0.847682119,418,183,46,20
GlobalOffensive,11.37576993,0.945,754,204,99,26
xxfitness,11.33221134,0.75,445,98,54,11
Guildwars2,11.25443404,0.983333333,575,169,71,20
Anarchism,11.10237186,0.75,344,109,39,12
Anarcho_Capitalism,11.01835071,0.84375,382,159,46,18
dayz,10.9970872,0.885714286,306,125,35,14
photography,10.97486571,0.852459016,326,125,32,12
OnePiece,10.96586485,0.84375,603,143,83,17
islam,10.96282761,0.862068966,465,199,42,18
ireland,10.85487668,0.846153846,501,154,65,18
ClashOfClans,10.84311376,0.975609756,431,126,57,17
buildapc,10.83621177,0.841025641,355,172,33,15
lego,10.80929719,0.85106383,183,69,21,7
CodAW,10.78754421,0.923076923,295,195,37,21
ProtectAndServe,10.78655105,0.657142857,294,66,32,8
headphones,10.77407268,0.846153846,321,129,34,14
asktransgender,10.62773196,0.888888889,629,215,78,29
WorldofTanks,10.61563229,0.928571429,355,131,48,18
Austin,10.59019649,0.815789474,298,93,50,13
Borderlands,10.58645318,0.37037037,220,50,27,6
tolkienfans,10.54292658,0.407407407,402,60,41,6
AskMen,10.50283845,0.781481481,801,152,90,16
TalesFromRetail,10.50050665,0.441176471,645,49,72,5
TheSimpsons,10.30864801,0.463414634,362,52,46,5
drunk,10.30311266,0.625,123,63,15,6
hardwareswap,10.29853757,0.974358974,288,217,36,28
starcraft,10.29405071,0.929577465,438,131,60,16
ffxiv,10.12207346,1,364,185,55,27
MonsterHunter,10.09510741,0.894736842,412,164,48,20
wow,10.08233469,0.897297297,440,120,66,17
AskHistorians,10.06578428,0.49382716,457,47,47,4
CrusaderKings,10.03070195,0.657894737,294,64,51,8
bindingofisaac,10.03005919,0.759259259,548,102,71,12
houston,9.984648566,0.866666667,286,70,31,8
Coffee,9.916537098,0.625,164,59,18,6
windowsphone,9.78444134,0.786885246,413,101,39,11
worldbuilding,9.775812349,0.666666667,169,60,21,7
DunderMifflin,9.764919784,0.323529412,165,23,30,3
Conservative,9.761237197,0.6,281,77,31,8
toronto,9.748345204,0.8,462,131,63,17
EliteDangerous,9.687811414,0.96875,567,245,72,31
ukpolitics,9.670380114,0.790697674,530,202,67,24
UnresolvedMysteries,9.606801545,0.451612903,288,48,33,5
Warthunder,9.486791859,0.911764706,490,160,70,22
paydaytheheist,9.283025264,0.794117647,807,188,94,22
formula1,9.218215333,0.944444444,696,147,84,18
Portland,9.215970528,0.837837838,401,121,51,14
motorcycles,8.969472447,0.842696629,364,116,44,13
DCcomics,8.952669502,0.816326531,601,144,67,15
creepyPMs,8.910300712,0.525423729,443,41,57,4
badhistory,8.867161106,0.433333333,458,66,55,7
Military,8.84694926,0.510204082,434,75,50,8
pathofexile,8.824180718,0.90625,303,164,44,22
runescape,8.803291475,0.939393939,378,149,52,19
ADHD,8.675989767,0.666666667,133,54,17,7
marvelstudios,8.666243968,0.82,598,120,77,15
dbz,8.627953783,0.75,302,94,28,9
Guitar,8.623738987,0.657534247,204,79,28,9
csgobetting,8.601447502,0.94,365,229,48,29
WeAreTheMusicMakers,8.595226786,0.58974359,90,45,13,6
loseit,8.580461709,0.727272727,218,67,23,6
SubredditDrama,8.52906765,0.74537037,1192,126,118,13
TumblrInAction,8.482526064,0.603498542,1014,92,106,10
somethingimade,8.419251144,0.222222222,57,18,8,2
AmericanHorrorStory,8.377499233,0.5625,429,60,57,8
audiophile,8.373780678,0.642857143,234,99,24,10
niceguys,8.357290444,0.322580645,347,44,47,5
casualiama,8.348524981,0.621359223,206,65,25,7
gamedev,8.336943065,0.756756757,96,43,13,5
beards,8.285113649,0.52,127,52,15,5
Metal,8.266002111,0.475,179,57,22,6
Parenting,8.248830212,0.597402597,377,75,47,9
vancouver,8.238944995,0.75,277,101,42,13
Naruto,8.163473595,0.71875,384,82,43,9
sysadmin,8.157729948,0.817073171,276,93,42,11
gamegrumps,8.155333801,0.833333333,640,109,96,14
adventuretime,8.149550425,0.35,333,33,40,4
AMA,8.0910148,0.375,62,32,10,4
london,8.08827931,0.620689655,279,82,36,9
NoFap,8.078772923,0.666666667,96,57,13,7
comicbooks,8.056077622,0.705263158,598,111,73,13
assassinscreed,8.047897261,0.756756757,399,115,45,12
doctorwho,7.908593046,0.236363636,94,32,15,3
gallifrey,7.901244757,0.625,318,74,43,8
Economics,7.877473242,0.5375,203,85,26,9
EDC,7.876653392,0.571428571,116,49,16,6
jobs,7.829694698,0.65,122,62,15,6
fatpeoplestories,7.820149258,0.37254902,249,35,35,4
AskScienceFiction,7.819605558,0.5,504,74,59,8
halo,7.731224406,0.87628866,459,140,60,17
forwardsfromgrandma,7.579737782,0.596153846,534,60,64,7
frugalmalefashion,7.550849264,0.323529412,86,40,12,5
CoDCompetitive,7.521779355,1,655,263,104,38
MakeupAddiction,7.484662771,0.698113208,473,79,66,10
japan,7.484337773,0.777777778,351,95,33,9
Fitness,7.44602705,0.607902736,385,80,40,8
ar15,7.418809233,0.75,231,87,29,11
keto,7.385612109,0.780821918,218,89,24,9
britishproblems,7.341911585,0.544303797,336,62,49,8
skyrim,7.339450801,0.601449275,418,73,49,7
sex,7.268246001,0.50660793,304,64,41,7
xboxone,7.256678002,0.80794702,324,127,40,15
EnoughLibertarianSpam,7.255464615,0.555555556,537,77,65,10
europe,7.248875135,0.70625,774,147,99,18
techsupport,7.177737617,0.833333333,146,98,13,9
roosterteeth,7.176653473,0.631578947,724,84,99,10
Libertarian,7.176010438,0.630952381,242,106,30,11
ShouldIbuythisgame,7.134660882,0.464285714,54,31,9,4
BitcoinMarkets,7.094070738,0.703703704,315,128,39,15
skyrimmods,7.009526144,0.888888889,326,165,30,15
tall,6.951243446,0.432432432,117,44,17,5
battlestations,6.889022273,0.382352941,96,34,12,4
malefashionadvice,6.858958231,0.550847458,250,59,31,6
linux,6.809642274,0.519480519,166,45,30,6
cscareerquestions,6.80652383,0.615384615,242,82,29,9
chicagobulls,6.801072694,0.925925926,648,261,92,30
eu4,6.745780224,0.71875,366,95,55,12
MLS,6.745475068,0.833333333,702,112,87,15
serialpodcast,6.638434331,0.820512821,592,163,66,17
MMA,6.566855977,0.85840708,806,160,117,22
heroesofthestorm,6.529074329,0.918032787,320,141,41,17
im14andthisisdeep,6.503491484,0.256410256,186,26,33,3
battlefield_4,6.48036032,0.764705882,258,88,32,10
learnprogramming,6.478157905,0.615384615,154,78,17,7
socialskills,6.457486027,0.142857143,52,13,11,2
4chan,6.453582518,0.427561837,596,43,69,4
ShitRedditSays,6.43232922,0.321428571,661,58,72,6
lewronggeneration,6.395529357,0.555555556,623,67,73,7
vaporents,6.377505648,0.714285714,210,106,23,11
PS4,6.357878226,0.78974359,270,102,35,12
DnD,6.329156247,0.515625,220,61,32,8
futurama,6.282010681,0.064516129,42,10,14,2
notinteresting,6.220366497,0.210526316,87,23,15,3
justneckbeardthings,6.201184299,0.387755102,368,36,51,4
BasicIncome,6.077044061,0.423076923,185,49,24,6
canada,6.068738979,0.746835443,414,134,52,14
totalwar,6.049757425,0.741935484,280,83,36,9
GrandTheftAutoV,6.029403524,0.620689655,233,57,33,7
starcitizen,5.986433207,0.916666667,549,177,56,18
MechanicAdvice,5.984254391,0.862068966,202,109,20,11
LosAngeles,5.910559471,0.720930233,175,73,27,8
travel,5.901984676,0.557377049,130,63,15,6
KotakuInAction,5.894260602,0.70754717,659,102,74,13
Psychonaut,5.852206047,0.677419355,142,78,20,8
freebies,5.778491026,0.09375,39,12,7,2
magicTCG,5.773333165,0.642857143,474,92,72,14
conspiratard,5.676800297,0.285714286,175,31,25,4
relationship_advice,5.661942981,0.275362319,248,66,28,7
math,5.612397336,0.558823529,158,41,21,5
KerbalSpaceProgram,5.602222615,0.539325843,310,71,39,8
whatisthisthing,5.57983287,0.276595745,156,29,20,3
subaru,5.531696165,0.666666667,129,55,21,8
unitedkingdom,5.527522653,0.769911504,639,150,98,19
changemyview,5.505962516,0.62992126,226,79,27,9
Fallout,5.466964517,0.421052632,242,47,31,5
leagueoflegends,5.420629199,0.813291139,757,121,105,17
thatHappened,5.40718177,0.25,490,32,60,3
chicago,5.381365998,0.717391304,308,92,39,11
baseball,5.364323333,0.485714286,431,75,57,9
boston,5.293754304,0.769230769,380,87,49,11
atheism,5.284686725,0.558891455,366,84,39,8
masseffect,5.2753186,0.622222222,227,61,30,7
Justrolledintotheshop,5.270598732,0.620689655,310,57,42,6
TrueFilm,5.266517994,0.269230769,206,34,22,4
Animesuggest,5.253871321,0.4375,183,84,20,10
h1z1,5.207098648,0.922330097,280,192,41,25
horror,5.149679141,0.571428571,98,46,15,6
soccer,5.109427124,0.702586207,1099,127,152,16
startrek,5.102271811,0.322033898,151,42,22,5
Patriots,5.029452529,0.5,375,91,48,11
GamerGhazi,4.987353801,0.838709677,973,167,103,18
apple,4.985995221,0.558333333,259,75,34,8
writing,4.930527381,0.413793103,118,47,16,5
personalfinance,4.925818613,0.608365019,256,69,30,7
harrypotter,4.925731078,0.553846154,252,46,43,5
hockey,4.876661761,0.757961783,724,154,90,17
lotr,4.828437181,0.43902439,189,38,25,4
Chromecast,4.8275612,0.259259259,65,34,9,3
polandball,4.827541715,0.453703704,739,65,82,7
bicycling,4.813393778,0.742857143,206,71,28,8
movies,4.789823239,0.553719008,567,66,55,6
TrueAtheism,4.735182576,0.235294118,108,32,21,5
Advice,4.724536012,0.575,122,69,14,7
SquaredCircle,4.712974621,0.823943662,1376,226,213,36
minimalism,4.65944835,0.214285714,72,25,15,3
speedrun,4.613075014,0.5,223,48,30,6
politics,4.570948517,0.652991453,422,95,48,9
IASIP,4.569443398,0.395833333,461,39,63,5
washingtondc,4.468044137,0.666666667,203,63,31,8
SkincareAddiction,4.446373476,0.681818182,218,54,28,6
gameofthrones,4.442792512,0.173469388,149,23,24,3
sweden,4.385944234,0.840909091,832,126,92,16
worldnews,4.341198957,0.639496355,570,92,72,10
fantasyfootball,4.314375847,0.301886792,76,23,15,3
gamernews,4.304957901,0.0625,44,15,9,2
financialindependence,4.276998426,0.518518519,127,34,22,5
cars,4.259843889,0.656716418,346,85,47,11
AndroidGaming,4.229080794,0.322580645,73,30,11,4
worldpolitics,4.192055737,0.306818182,115,42,18,5
StarWars,4.180619402,0.537815126,231,55,30,5
AskCulinary,4.103160562,0.363636364,136,39,15,5
web_design,4.066919288,0.552631579,68,33,12,4
shield,4.055779541,0.2,181,30,23,4
circlejerk,4.051435737,0.509615385,332,51,32,5
community,4.027736636,0.324324324,242,37,31,4
secretsanta,4.024037585,0.463414634,99,39,12,4
Steam,3.984384351,0.214814815,122,34,17,4
TwoXChromosomes,3.973868593,0.485507246,334,65,40,7
Marvel,3.950308968,0.458823529,257,62,40,8
Sneakers,3.92041379,0.724137931,226,77,31,10
CringeAnarchy,3.856577965,0.515151515,327,38,51,5
PoliticalDiscussion,3.850656516,0.5,195,88,28,11
FancyFollicles,3.832942288,0.225806452,70,19,13,3
nyc,3.807343502,0.627118644,169,50,30,7
Anxiety,3.806197425,0.484848485,88,40,12,5
TheLastAirbender,3.801962035,0.569892473,537,67,62,8
progresspics,3.774611806,0.3,8,21,8,3
Fantasy,3.746386186,0.518518519,262,71,32,8
manga,3.743963479,0.595238095,441,102,49,11
PandR,3.719151254,0.3,350,20,43,3
Frugal,3.714472565,0.251533742,107,30,18,4
Aquariums,3.711930347,0.655172414,129,72,22,9
DotA2,3.680688178,0.869565217,610,137,90,20
CombatFootage,3.65673769,0.14893617,143,34,23,4
tattoos,3.652620058,0.275862069,59,22,11,3
iphone,3.651488513,0.292307692,71,33,14,4
Seahawks,3.642074329,0.471698113,319,61,45,8
DebateReligion,3.603246897,0.80952381,276,154,39,20
gainit,3.588149197,0.607142857,137,48,20,6
nfl,3.572368965,0.721470019,1161,141,160,19
Tinder,3.561070634,0.50617284,405,43,45,4
trashy,3.557263793,0.301369863,289,33,41,4
CFB,3.546705761,0.693023256,748,128,109,17
Diablo,3.540968615,0.652173913,205,70,25,9
engineering,3.445632772,0.464285714,120,32,17,4
beer,3.420376047,0.5,168,42,22,5
wiiu,3.285636365,0.488888889,201,62,26,8
TrollYChromosome,3.270711653,0.229508197,211,36,30,4
france,3.234942634,0.851851852,576,146,62,15
texas,3.232458868,0.576923077,149,46,23,6
amiibo,3.216087387,0.743589744,231,121,31,16
programming,3.208243986,0.516393443,219,47,36,6
truegaming,3.185111518,0.095890411,152,32,19,4
EverythingScience,3.17341612,0.115384615,51,14,9,2
environment,3.163616097,0.205882353,53,38,11,4
ainbow,3.110903491,0.379310345,253,54,36,7
socialism,3.082265681,0.538461538,309,72,36,9
starbound,3.057182078,0.5,187,58,22,6
Minecraft,3.054583045,0.274647887,177,34,26,4
cowboys,3.032237968,0.605263158,400,85,45,10
CHIBears,2.932214393,0.555555556,306,85,47,11
skeptic,2.906464876,0.351851852,144,52,20,5
shittyfoodporn,2.889102839,0.225352113,94,26,16,3
reddevils,2.87260949,0.821428571,457,115,79,17
cordcutters,2.812129497,0.29787234,89,43,13,4
3DS,2.809577748,0.611111111,158,71,23,9
buildapcsales,2.777731851,0.307692308,127,47,16,6
PS3,2.739742653,0.09375,44,23,7,3
Gunners,2.73530968,0.555555556,485,109,80,16
Gaming4Gamers,2.729329047,0.24137931,116,32,16,4
gardening,2.688148558,0.375,74,35,11,4
agentcarter,2.680764216,0.321428571,481,54,57,6
photoshopbattles,2.659829511,0.14375,1063,17,80,2
nosleep,2.586842573,0.316455696,142,31,20,3
tifu,2.542572313,0.285540705,451,33,59,4
webdev,2.530173099,0.609756098,94,43,14,5
standupshots,2.502812258,0.122807018,69,14,18,2
GreenBayPackers,2.49733945,0.5,244,64,38,8
dogs,2.473013681,0.47826087,145,53,17,6
GameDeals,2.445324639,0.307692308,133,32,17,4
gonewildcurvy,2.381064163,0.25,35,28,5,4
dyinglight,2.37666217,0.290322581,88,49,12,7
BlackPeopleTwitter,2.356974152,0.291366906,524,32,66,4
Bad_Cop_No_Donut,2.342189039,0.274193548,176,35,24,5
confession,2.333182078,0.181818182,88,27,18,4
pcgaming,2.257306238,0.496453901,188,68,27,8
zelda,2.202922464,0.326530612,93,39,14,5
shittyaskscience,2.158211542,0.176470588,133,23,19,3
StreetFights,2.129882863,0.214285714,85,22,18,3
vexillology,2.117723047,0.333333333,134,37,22,4
self,2.099698597,0.191780822,76,24,13,3
askscience,2.090505923,0.125,175,18,22,2
thewalkingdead,2.052942553,0.28125,119,25,20,3
amiugly,1.970718042,0.518518519,122,64,16,7
RandomActsOfGaming,1.914625949,0.666666667,70,58,8,7
FinalFantasy,1.911407889,0.451612903,104,53,14,6
investing,1.871698338,0.456140351,107,39,15,5
Firearms,1.863256538,0.355555556,163,52,26,8
cats,1.816368004,0.311926606,114,30,17,3
itookapicture,1.746194054,0.103448276,44,15,7,2
ArcherFX,1.703223696,0.176470588,178,19,30,3
Android,1.694926091,0.414035088,310,48,41,6
tumblr,1.652651849,0.096153846,163,21,23,3
TrueReddit,1.59624891,0.223214286,152,28,26,4
Cynicalbrit,1.546080308,0.157894737,202,35,29,5
cringepics,1.509337829,0.131672598,402,21,56,3
batman,1.492473885,0.276595745,152,30,23,4
HighQualityGifs,1.453155913,0.214285714,225,37,21,3
CCW,1.453107681,0.578947368,180,58,33,9
daddit,1.381944201,0.222222222,59,21,9,3
Art,1.378424764,0.082474227,39,14,8,2
Roadcam,1.302620538,0.483870968,210,54,25,6
Fireteams,1.283608178,0.722222222,54,50,10,9
Games,1.279561189,0.496143959,376,59,51,8
EatCheapAndHealthy,1.27838452,0.218181818,79,22,13,3
pettyrevenge,1.260925111,0.209677419,221,21,34,3
blunderyears,1.254957363,0.06122449,130,12,25,2
news,1.196472418,0.486985726,471,74,58,8
DoesAnybodyElse,1.131904786,0.121621622,41,17,9,2
paradoxplaza,1.101202476,0.540540541,353,52,53,7
montageparodies,1.091635036,0.093023256,94,17,17,2
theydidthemath,1.065869063,0.15,108,15,16,2
slowcooking,1.064937118,0.191489362,58,18,10,3
southpark,1.054523568,0.051282051,50,9,16,2
FlashTV,1.048925501,0.326530612,489,45,64,6
WritingPrompts,1.046017258,0.202797203,178,23,26,3
Entrepreneur,1.042790725,0.5,92,38,13,5
detroitlions,1.030727292,0.269230769,165,40,31,7
watchpeopledie,0.932370964,0.169014085,86,24,18,3
hardware,0.927823397,0.34375,135,39,20,5
Cyberpunk,0.878035752,0.171428571,91,28,14,3
oldpeoplefacebook,0.862438986,0.0625,262,15,32,2
firstworldproblems,0.806203474,0,42,9,9,2
iamverysmart,0.691184978,0.111111111,225,26,35,3
DIY,0.572140743,0.25388601,111,26,13,3
everymanshouldknow,0.560463472,0.042553191,47,10,12,2
ImGoingToHellForThis,0.514974962,0.137755102,209,24,28,3
tipofmytongue,0.496054237,0.390804598,78,35,8,3
answers,0.470568482,0.035714286,42,8,10,2
Nexus5,0.468102524,0.212121212,38,29,7,4
ArtisanVideos,0.445638741,0.121212121,46,14,11,2
philosophy,0.441898438,0.467532468,98,57,13,6
Futurology,0.414951383,0.352941176,135,37,18,4
androidapps,0.397054363,0,32,15,7,2
aviation,0.396734065,0.414634146,165,42,25,6
rpg,0.352980518,0.52,156,46,26,6
Jokes,0.293333939,0.07,129,17,27,2
GirlGamers,0.248349099,0.322580645,317,53,40,7
youdontsurf,0.240240565,0.044444444,182,9,37,2
pussypassdenied,0.194804082,0.136363636,108,22,22,3
techsupportgore,0.182171831,0.078125,119,16,18,2
NSFW_GIF,0.17427386,0.166666667,11,14,15,2
HomeImprovement,0.127506593,0.516129032,115,48,18,6
depression,0.089098461,0.360655738,61,33,10,4
comics,0.088091723,0.084210526,77,14,20,2
cringe,0.025722089,0.214634146,247,25,40,3
fffffffuuuuuuuuuuuu,0.00236678,0.063829787,34,13,10,2
PerfectTiming,-0.054042035,0,38,11,12,1
books,-0.099292691,0.18079096,86,23,17,3
offmychest,-0.118915283,0.277372263,108,29,19,4
gaming,-0.154235056,0.228203184,234,34,37,4
QuotesPorn,-0.175132071,0.147058824,31,11,9,2
AbandonedPorn,-0.192985049,0.088235294,60,11,10,2
behindthegifs,-0.205607589,0.09375,378,9,35,1
RoomPorn,-0.222008286,0.107142857,76,14,11,2
lgbt,-0.24763454,0.114285714,124,32,18,4
PublicFreakout,-0.259692199,0.164179104,131,21,24,3
listentothis,-0.259824071,0.083333333,33,13,5,2
FanTheories,-0.286482049,0.04,107,17,23,2
BuyItForLife,-0.316699025,0.16,47,17,11,2
WTF,-0.383454957,0.303834808,478,37,65,5
LadyBoners,-0.38491891,0.243243243,67,16,15,2
Cooking,-0.426078469,0.25,127,31,21,4
Whatcouldgowrong,-0.473982627,0.020618557,72,13,22,2
ProgrammerHumor,-0.476759035,0.259259259,145,24,29,4
CrazyIdeas,-0.519550158,0.028169014,131,12,21,2
MilitaryPorn,-0.524853134,0.25,168,39,24,5
nsfw,-0.559271627,0.069444444,38,12,10,2
dadjokes,-0.597980452,0.108695652,213,11,38,2
millionairemakers,-0.644123281,0.092,42,16,3,1
Documentaries,-0.649583447,0.115384615,39,19,9,3
geek,-0.657348864,0.022727273,31,7,11,1
Showerthoughts,-0.66977443,0.093959732,154,23,27,3
AnimalsBeingJerks,-0.711247767,0,97,7,18,1
MapPorn,-0.741912143,0.185185185,180,33,31,4
MURICA,-0.778204514,0.056818182,102,15,21,2
nostalgia,-0.783285165,0.130434783,28,10,7,2
Autos,-0.815409978,0.170212766,78,21,17,4
Foodforthought,-0.828002201,0.102564103,91,22,16,3
explainlikeimfive,-0.860952947,0.189550425,178,36,23,4
MorbidReality,-0.878992451,0.0875,91,16,23,2
HistoryPorn,-0.881659938,0.064,112,16,23,2
nonononoyes,-0.963319563,0.018867925,73,7,23,1
GTAV,-0.969110688,0.2,56,29,10,4
arrow,-0.994357752,0.2,570,39,72,6
popping,-0.994867901,0.194444444,90,20,14,3
NoStupidQuestions,-0.995741222,0.274509804,140,32,21,4
quityourbullshit,-1.090520629,0.06,167,16,28,2
progun,-1.162892509,0.269230769,187,42,31,7
me_irl,-1.167520439,0.363636364,240,30,28,3
patientgamers,-1.227468821,0.243902439,67,21,12,3
FoodPorn,-1.250659664,0.102941176,43,13,9,2
carporn,-1.323527571,0.133333333,60,19,12,3
space,-1.393411166,0.120772947,98,17,19,2
ANormalDayInRussia,-1.445672201,0,60,9,13,2
YouShouldKnow,-1.498673309,0.030769231,62,9,14,2
GamePhysics,-1.517158644,0,48,7,18,1
Music,-1.560399472,0.104417671,121,19,17,2
television,-1.591755159,0.108033241,154,22,24,3
electronicmusic,-1.613170384,0.3,58,20,12,3
SuicideWatch,-1.627742188,0.461538462,54,39,8,5
AdviceAnimals,-1.643680652,0.410998553,687,51,82,7
Shitty_Car_Mods,-1.653567232,0.115942029,115,25,19,3
MMORPG,-1.656020172,0.464285714,89,54,12,7
blog,-1.670501636,0.025974026,172,13,22,2
oneplus,-1.676562457,0.518518519,84,45,13,6
history,-1.693575453,0.047169811,84,15,14,2
RealGirls,-1.699991741,0.069767442,3,12,9,2
mildlyinfuriating,-1.731410997,0.019607843,98,12,19,2
food,-1.752999699,0.141975309,114,18,15,2
videos,-1.771371341,0.315203956,394,36,59,5
FiftyFifty,-1.808926504,0.073529412,100,13,18,2
dataisbeautiful,-1.829837317,0.064676617,90,15,15,2
IAmA,-1.922945818,0.04641776,282,15,40,2
Celebs,-1.952831891,0.186440678,94,22,16,2
facepalm,-1.970649773,0.074534161,108,15,25,2
technology,-1.973362436,0.196990424,239,27,37,4
youtubehaiku,-2.042106595,0.078431373,168,12,31,2
OSHA,-2.043288413,0.1,96,11,19,2
delusionalartists,-2.147597013,0.041666667,69,10,19,2
LifeProTips,-2.182258647,0.04516129,98,13,15,2
rage,-2.224230294,0.17699115,117,23,22,3
asmr,-2.30442867,0.148148148,47,14,9,2
rickandmorty,-2.384709121,0.192307692,57,9,17,2
holdmybeer,-2.435759465,0.035087719,86,8,17,1
JonTron,-2.490398078,0.15625,141,21,18,3
fullmoviesonyoutube,-2.606385312,0.057142857,33,12,8,2
business,-2.61725033,0.078431373,71,19,14,3
punchablefaces,-2.68772255,0.282608696,78,21,18,3
sports,-2.749043715,0.092827004,92,16,18,2
gentlemanboners,-2.773046544,0.040540541,60,11,12,2
oddlysatisfying,-2.923000767,0.014705882,89,8,18,1
seduction,-3.117876539,0.25,81,26,18,3
wheredidthesodago,-3.121007797,0.020833333,82,7,23,1
creepy,-3.164733438,0.093457944,94,15,16,2
bestof,-3.168103856,0.039007092,114,13,25,2
promos,-3.210005177,0,17,6,5,1
GetMotivated,-3.249390142,0.114503817,61,13,10,2
science,-3.263533209,0.075892857,100,16,17,2
breakingbad,-3.284303486,0.117647059,101,17,17,2
WatchItForThePlot,-3.402758561,0.083333333,83,11,18,2
CrappyDesign,-3.421782626,0.03030303,108,10,18,2
mildlyinteresting,-3.440584341,0.068862275,141,16,23,2
JusticePorn,-3.444838975,0.201923077,136,26,30,4
summonerschool,-3.488369738,0.363636364,90,53,13,7
funny,-3.568235131,0.351724138,666,44,74,6
aww,-3.601799155,0.114494519,167,18,25,3
interestingasfuck,-3.683051844,0.052845528,116,11,24,2
shittyreactiongifs,-3.838891964,0.022222222,75,7,19,1
reactiongifs,-3.848007491,0.090909091,234,15,31,2
offbeat,-3.872825954,0.058139535,79,15,17,2
windows,-3.887305699,0.212121212,74,31,11,5
nottheonion,-3.930210078,0.081967213,194,20,29,3
entertainment,-3.931434704,0.088235294,54,13,10,2
NetflixBestOf,-3.933370272,0.037974684,80,15,15,2
UpliftingNews,-3.965325355,0.020833333,38,7,11,1
gadgets,-3.965853416,0.039473684,65,14,11,2
tech,-3.98137494,0.043478261,65,19,14,3
ContagiousLaughter,-3.986623223,0.034482759,65,7,16,1
nintendo,-4.002550804,0.261363636,135,50,20,6
netflix,-4.036201517,0.028571429,25,11,6,2
FloridaMan,-4.135179548,0.020408163,99,15,19,2
todayilearned,-4.195241598,0.186323092,448,36,59,5
gifs,-4.239802904,0.098317095,397,20,49,3
OutOfTheLoop,-4.269718292,0.054421769,127,13,24,2
TopGear,-4.287057631,0.122807018,77,16,16,3
EarthPorn,-4.442041121,0.125,43,19,7,2
pics,-4.527932369,0.165289256,528,34,62,5
wallpapers,-4.614503248,0,29,5,7,1
UnexpectedThugLife,-4.657823968,0.058252427,122,11,28,2
OldSchoolCool,-4.684605617,0.063197026,66,11,14,2
AndroidQuestions,-4.837932524,0.428571429,42,27,6,4
instant_regret,-4.938605025,0.039215686,74,8,19,1
LearnUselessTalents,-5.012547966,0,33,6,12,1
humor,-5.064708773,0,35,6,11,1
woahdude,-5.092652807,0.038793103,93,11,18,2
DeepIntoYouTube,-5.492276379,0.088235294,63,13,12,2
Unexpected,-5.494182845,0.013245033,130,10,24,2
scifi,-5.514874212,0.08974359,67,16,14,3
lifehacks,-5.637608697,0.043478261,52,9,14,2
InternetIsBeautiful,-5.914534626,0.006329114,57,6,12,1
firstworldanarchists,-6.39717528,0.053571429,85,9,16,1
circlebroke,-6.604712166,0.206896552,236,28,42,4
recipes,-6.708599916,0.071428571,37,14,7,2
BustyPetite,-7.24924453,0,39,11,9,2
Damnthatsinteresting,-7.476416307,0,32,7,11,1
AnimalsBeingBros,-8.222023641,0,48,5,15,1